<?xml version="1.0" encoding="utf-8" ?>
<dwsync>
<file name="Connection.class.php" server="C:/wamp/www/ControleEscolar/" local="129681858092720896" remote="129681858090000000" />
<file name="Dao.class.php" server="C:/wamp/www/ControleEscolar/" local="129681900380923298" remote="129681900380000000" />
<file name="DeptoDao.class.php" server="C:/wamp/www/ControleEscolar/" local="129681900919727173" remote="129681900910000000" />
<file name="DeptoBO.class.php" server="C:/wamp/www/ControleEscolar/" local="129681897361401996" remote="129681897360000000" />
<file name="Connection.class.php" server="C:/wamp/www/RH/" local="129966083387190851" remote="129966083380000000" />
<file name="Dao.class.php" server="C:/wamp/www/RH/" local="129966105505102421" remote="129966105500000000" />
<file name="DeptoDao.class.php" server="C:/wamp/www/RH/" local="129966090103082373" remote="129966090100000000" />
<file name="DeptoBO.class.php" server="C:/wamp/www/RH/" local="129966091488100861" remote="129966091480000000" />
<file name="FuncionarioDao.class.php" server="C:/wamp/www/RH/" local="129689771391525315" remote="129689771390000000" />
<file name="FuncionarioBO.class.php" server="C:/wamp/www/RH/" local="129690669401858979" remote="129690669400000000" />
<file name="feriasBO.class.php" server="C:/wamp/www/RH/" local="129688063370583631" remote="129688063370000000" />
<file name="vendasDao.class.php" server="C:/wamp/www/RH/" local="129688129678916251" remote="129688129670000000" />
</dwsync>